Datetime,Water Level (m)
2025-02-13 12:00:00,-0.024289705
2025-02-13 13:00:00,-0.015052055
2025-02-13 14:00:00,-0.007423982
2025-02-13 15:00:00,-0.0050624637
2025-02-13 16:00:00,-0.007467851
2025-02-13 17:00:00,-0.014293211
2025-02-13 18:00:00,-0.024415888
2025-02-13 19:00:00,-0.03643839
2025-02-13 20:00:00,-0.049045946
2025-02-13 21:00:00,-0.058122076
2025-02-13 22:00:00,-0.06016744
2025-02-13 23:00:00,-0.052636452
2025-02-14 00:00:00,-0.03721909
2025-02-14 01:00:00,-0.020780575
2025-02-14 02:00:00,-0.0068564727
2025-02-14 03:00:00,0.0013025809
2025-02-14 04:00:00,0.0028010542
2025-02-14 05:00:00,-0.0010939948
2025-02-14 06:00:00,-0.008340441
2025-02-14 07:00:00,-0.018585216
2025-02-14 08:00:00,-0.03068422
2025-02-14 09:00:00,-0.04211284
2025-02-14 10:00:00,-0.04899925
2025-02-14 11:00:00,-0.048536222
2025-02-14 12:00:00,-0.04140228
2025-02-14 13:00:00,-0.031011123
2025-02-14 14:00:00,-0.021602307
2025-02-14 15:00:00,-0.017201882
2025-02-14 16:00:00,-0.018312745
2025-02-14 17:00:00,-0.023278946
2025-02-14 18:00:00,-0.031372774
2025-02-14 19:00:00,-0.042204075
2025-02-14 20:00:00,-0.05448159
2025-02-14 21:00:00,-0.065868266
2025-02-14 22:00:00,-0.07184244
2025-02-14 23:00:00,-0.06932537
2025-02-15 00:00:00,-0.05657993
2025-02-15 01:00:00,-0.040241074
2025-02-15 02:00:00,-0.02560975
2025-02-15 03:00:00,-0.015368264
2025-02-15 04:00:00,-0.011396109
2025-02-15 05:00:00,-0.0129693905
2025-02-15 06:00:00,-0.01867738
2025-02-15 07:00:00,-0.02737056
2025-02-15 08:00:00,-0.038447574
2025-02-15 09:00:00,-0.05049052
2025-02-15 10:00:00,-0.059677616
2025-02-15 11:00:00,-0.06205772
2025-02-15 12:00:00,-0.05691305
2025-02-15 13:00:00,-0.04613181
2025-02-15 14:00:00,-0.033757035
2025-02-15 15:00:00,-0.025163613
2025-02-15 16:00:00,-0.022012187
2025-02-15 17:00:00,-0.023928111
2025-02-15 18:00:00,-0.029691037
2025-02-15 19:00:00,-0.038627997
2025-02-15 20:00:00,-0.04965629
2025-02-15 21:00:00,-0.061169617
2025-02-15 22:00:00,-0.06925945
2025-02-15 23:00:00,-0.07022444
2025-02-16 00:00:00,-0.062034577
2025-02-16 01:00:00,-0.046673965
2025-02-16 02:00:00,-0.031043403
2025-02-16 03:00:00,-0.018487709
2025-02-16 04:00:00,-0.011794738
2025-02-16 05:00:00,-0.011104973
2025-02-16 06:00:00,-0.015243575
2025-02-16 07:00:00,-0.022816567
2025-02-16 08:00:00,-0.032982826
2025-02-16 09:00:00,-0.044822976
2025-02-16 10:00:00,-0.055668816
2025-02-16 11:00:00,-0.06141857
2025-02-16 12:00:00,-0.05989596
2025-02-16 13:00:00,-0.051353447
2025-02-16 14:00:00,-0.039336156
2025-02-16 15:00:00,-0.028231435
2025-02-16 16:00:00,-0.02202635
2025-02-16 17:00:00,-0.021535639
2025-02-16 18:00:00,-0.025555221
2025-02-16 19:00:00,-0.03278824
2025-02-16 20:00:00,-0.04233406
2025-02-16 21:00:00,-0.05337737
2025-02-16 22:00:00,-0.06317274
2025-02-16 23:00:00,-0.067507245
2025-02-17 00:00:00,-0.06435606
2025-02-17 01:00:00,-0.05326413
2025-02-17 02:00:00,-0.039214786
2025-02-17 03:00:00,-0.026737308
2025-02-17 04:00:00,-0.019168891
2025-02-17 05:00:00,-0.017484136
2025-02-17 06:00:00,-0.020625276
2025-02-17 07:00:00,-0.027314011
2025-02-17 08:00:00,-0.036661986
2025-02-17 09:00:00,-0.04800981
2025-02-17 10:00:00,-0.05969545
2025-02-17 11:00:00,-0.067826174
2025-02-17 12:00:00,-0.06897214
2025-02-17 13:00:00,-0.06302486
2025-02-17 14:00:00,-0.05210792
2025-02-17 15:00:00,-0.04045812
2025-02-17 16:00:00,-0.031859845
2025-02-17 17:00:00,-0.028891694
2025-02-17 18:00:00,-0.031168964
2025-02-17 19:00:00,-0.037637047
2025-02-17 20:00:00,-0.046676073
2025-02-17 21:00:00,-0.057435207
2025-02-17 22:00:00,-0.068272024
2025-02-17 23:00:00,-0.07540591
2025-02-18 00:00:00,-0.076368034
2025-02-18 01:00:00,-0.07072581
2025-02-18 02:00:00,-0.06024739
2025-02-18 03:00:00,-0.048551176
2025-02-18 04:00:00,-0.04028725
2025-02-18 05:00:00,-0.037709255
2025-02-18 06:00:00,-0.039928414
2025-02-18 07:00:00,-0.04564932
2025-02-18 08:00:00,-0.054273833
2025-02-18 09:00:00,-0.065096445
2025-02-18 10:00:00,-0.07684511
2025-02-18 11:00:00,-0.08664889
2025-02-18 12:00:00,-0.09098922
2025-02-18 13:00:00,-0.08827752
2025-02-18 14:00:00,-0.079653166
2025-02-18 15:00:00,-0.06969744
2025-02-18 16:00:00,-0.06025158
2025-02-18 17:00:00,-0.05448692
2025-02-18 18:00:00,-0.05401864
2025-02-18 19:00:00,-0.05753778
2025-02-18 20:00:00,-0.06446629
2025-02-18 21:00:00,-0.07368252
2025-02-18 22:00:00,-0.08355113
2025-02-18 23:00:00,-0.09161106
2025-02-19 00:00:00,-0.09475058
2025-02-19 01:00:00,-0.091867864
2025-02-19 02:00:00,-0.08386293
2025-02-19 03:00:00,-0.073477395
2025-02-19 04:00:00,-0.06463189
2025-02-19 05:00:00,-0.06069773
2025-02-19 06:00:00,-0.061688125
2025-02-19 07:00:00,-0.066392
2025-02-19 08:00:00,-0.073884495
2025-02-19 09:00:00,-0.08318293
2025-02-19 10:00:00,-0.09632206
2025-02-19 11:00:00,-0.115112565
2025-02-19 12:00:00,-0.12000891
